{
  "id": "wwe 1.13.2",
  "inheritsFrom": "1.13.2",
  "time": "2018-10-22T11:41:07+00:00",
  "releaseTime": "2018-10-22T11:41:07+00:00",
  "type": "release",
  "arguments": {
    "game": [
      "--tweakClass",
      "wwe.dMof.omg this took to long to figure out.BrOY"
    ]
  },
  "mainClass": "net.minecraft.launchwrapper.Launch",
  "libraries": [
    {
      "name": "net.minecraft:launchwrapper:1.12"
    },
    {
      "name": "me.THEREALWWEFAN231.wwefan:wwe 1.13.2:3.0.4",
      "url": "http://wweclient.com/"
    },
    {
      "name": "com.github.ImpactDevelopment:SimpleTweaker:1.2",
      "url": "https://impactdevelopment.github.io/maven/"
    }
  ]
}